"RK","Player","Team","Position","Derek BrownDerek Brown on X
                                            
                                            07/06/26","Andrew EricksonAndrew Erickson on X
                                            
                                            07/10/26","Pat FitzmauricePat Fitzmaurice on X
                                            
                                            07/07/26"
"1","Josh Allen
                                            
                                            
                                                ","BUF ","QB","1","2","1"
"2","Drake Maye
                                            
                                            
                                                ","NE ","QB","2","1","3"
"3","Lamar Jackson
                                            
                                            
                                                ","BAL ","QB","5","3","2"
"4","Joe Burrow
                                            
                                            
                                                ","CIN ","QB","4","5","9"
"5","Ja'Marr Chase
                                            
                                            
                                                ","CIN ","WR","6","6","6"
"6","Jayden Daniels
                                            
                                            
                                                ","WAS ","QB","9","4","8"
"7","Bijan Robinson
                                            
                                            
                                                ","ATL ","RB","10","13","4"
"8","Jahmyr Gibbs
                                            
                                            
                                                ","DET ","RB","13","10","5"
"9","Puka Nacua
                                            
                                            
                                                ","LAR ","WR","11","11","7"
"10","Jalen Hurts
                                            
                                            
                                                ","PHI ","QB","3","16","15"
"11","Jaxon Smith-Njigba
                                            
                                            
                                                ","SEA ","WR","12","12","10"
"12","Justin Herbert
                                            
                                            
                                                ","LAC ","QB","19","7","12"
"13","Amon-Ra St. Brown
                                            
                                            
                                                ","DET ","WR","14","14","11"
"14","Trevor Lawrence
                                            
                                            
                                                ","JAC ","QB","18","9","14"
"15","Dak Prescott
                                            
                                            
                                                ","DAL ","QB","7","19","19"
"16","Caleb Williams
                                            
                                            
                                                ","CHI ","QB","26","8","13"
"17","Jaxson Dart
                                            
                                            
                                                ","NYG ","QB","8","17","23"
"18","Brock Purdy
                                            
                                            
                                                ","SF ","QB","16","18","16"
"19","James Cook III
                                            
                                            
                                                ","BUF ","RB","22","15","20"
"20","CeeDee Lamb
                                            
                                            
                                                ","DAL ","WR","21","24","22"
"21","Drake London
                                            
                                            
                                                ","ATL ","WR","23","23","26"
"22","A.J. Brown
                                            
                                            
                                                ","NE ","WR","20","20","35"
"23","Justin Jefferson
                                            
                                            
                                                ","MIN ","WR","35","21","21"
"24","Christian McCaffrey
                                            
                                            
                                                ","SF ","RB","15","46","17"
"25","Jonathan Taylor
                                            
                                            
                                                ","IND ","RB","40","22","24"
"26","Chase Brown
                                            
                                            
                                                ","CIN ","RB","25","25","37"
"27","Nico Collins
                                            
                                            
                                                ","HOU ","WR","24","28","36"
"28","Patrick Mahomes II
                                            
                                            
                                                ","KC ","QB","32","29","30"
"29","Ashton Jeanty
                                            
                                            
                                                ","LV ","RB","46","33","18"
"30","Bo Nix
                                            
                                            
                                                ","DEN ","QB","38","26","33"
"31","Brock Bowers
                                            
                                            
                                                ","LV ","TE","31","39","28"
"32","George Pickens
                                            
                                            
                                                ","DAL ","WR","27","34","39"
"33","Omarion Hampton
                                            
                                            
                                                ","LAC ","RB","33","37","31"
"34","Kenneth Walker III
                                            
                                            
                                                ","KC ","RB","42","42","25"
"35","Malik Willis
                                            
                                            
                                                ","MIA ","QB","30","38","46"
"36","De'Von Achane
                                            
                                            
                                                ","MIA ","RB","48","40","29"
"37","Jared Goff
                                            
                                            
                                                ","DET ","QB","17","50","51"
"38","Jordan Love
                                            
                                            
                                                ","GB ","QB","41","32","45"
"39","Kyler Murray
                                            
                                            
                                                ","MIN ","QB","55","30","34"
"40","Chris Olave
                                            
                                            
                                                ","NO ","WR","36","43","40"
"41","Trey McBride
                                            
                                            
                                                ","ARI ","TE","47","31","44"
"42","Zay Flowers
                                            
                                            
                                                ","BAL ","WR","51","35","42"
"43","Matthew Stafford
                                            
                                            
                                                ","LAR ","QB","50","55","27"
"44","DeVonta Smith
                                            
                                            
                                                ","PHI ","WR","34","44","57"
"45","Colston Loveland
                                            
                                            
                                                ","CHI ","TE","39","47","50"
"46","Saquon Barkley
                                            
                                            
                                                ","PHI ","RB","58","48","32"
"47","Tyler Shough
                                            
                                            
                                                ","NO ","QB","29","56","56"
"48","Jeremiyah Love
                                            
                                            
                                                ","ARI ","RB","49","54","38"
"49","Rashee Rice
                                            
                                            
                                                ","KC ","WR","57","27","61"
"50","Tetairoa McMillan
                                            
                                            
                                                ","CAR ","WR","69","36","41"
"51","Jaylen Waddle
                                            
                                            
                                                ","DEN ","WR","28","53","68"
"52","Baker Mayfield
                                            
                                            
                                                ","TB ","QB","56","41","55"
"53","Terry McLaurin
                                            
                                            
                                                ","WAS ","WR","45","59","49"
"54","Javonte Williams
                                            
                                            
                                                ","DAL ","RB","37","49","69"
"55","Garrett Wilson
                                            
                                            
                                                ","NYJ ","WR","44","45","66"
"56","Tee Higgins
                                            
                                            
                                                ","CIN ","WR","43","57","62"
"57","Emeka Egbuka
                                            
                                            
                                                ","TB ","WR","52","52","58"
"58","Breece Hall
                                            
                                            
                                                ","NYJ ","RB","54","58","52"
"59","Derrick Henry
                                            
                                            
                                                ","BAL ","RB","61","65","43"
"60","Kyren Williams
                                            
                                            
                                                ","LAR ","RB","65","69","47"
"61","Ladd McConkey
                                            
                                            
                                                ","LAC ","WR","72","51","65"
"62","Travis Etienne Jr.
                                            
                                            
                                                ","NO ","RB","74","61","54"
"63","Cam Ward
                                            
                                            
                                                ","TEN ","QB","64","64","64"
"64","Malik Nabers
                                            
                                            
                                                ","NYG ","WR","59","62","72"
"65","Josh Jacobs
                                            
                                            
                                                ","GB ","RB","77","74","48"
"66","C.J. Stroud
                                            
                                            
                                                ","HOU ","QB","76","60","63"
"67","Christian Watson
                                            
                                            
                                                ","GB ","WR","62","71","74"
"68","Mike Evans
                                            
                                            
                                                ","SF ","WR","63","68","77"
"69","DJ Moore
                                            
                                            
                                                ","BUF ","WR","53","70","87"
"70","Cam Skattebo
                                            
                                            
                                                ","NYG ","RB","88","66","60"
"71","David Montgomery
                                            
                                            
                                                ","HOU ","RB","67","78","71"
"72","Luther Burden III
                                            
                                            
                                                ","CHI ","WR","68","67","83"
"73","Bucky Irving
                                            
                                            
                                                ","TB ","RB","99","72","53"
"74","D'Andre Swift
                                            
                                            
                                                ","CHI ","RB","71","76","78"
"75","Tyler Warren
                                            
                                            
                                                ","IND ","TE","78","75","75"
"76","Carnell Tate
                                            
                                            
                                                ","TEN ","WR","82","63","84"
"77","Jameson Williams
                                            
                                            
                                                ","DET ","WR","91","85","73"
"78","Tucker Kraft
                                            
                                            
                                                ","GB ","TE","86","88","76"
"79","Davante Adams
                                            
                                            
                                                ","LAR ","WR","75","86","91"
"80","Bhayshul Tuten
                                            
                                            
                                                ","JAC ","RB","81","81","94"
"81","Alec Pierce
                                            
                                            
                                                ","IND ","WR","89","80","89"
"82","Quinshon Judkins
                                            
                                            
                                                ","CLE ","RB","85","93","85"
"83","Rome Odunze
                                            
                                            
                                                ","CHI ","WR","102","73","90"
"84","Jordyn Tyson
                                            
                                            
                                                ","NO ","WR","96","79","93"
"85","TreVeyon Henderson
                                            
                                            
                                                ","NE ","RB","108","83","79"
"86","Parker Washington
                                            
                                            
                                                ","JAC ","WR","73","104","102"
"87","Sam LaPorta
                                            
                                            
                                                ","DET ","TE","93","100","88"
"88","Harold Fannin Jr.
                                            
                                            
                                                ","CLE ","TE","121","82","80"
"89","Jaylen Warren
                                            
                                            
                                                ","PIT ","RB","97","89","100"
"90","Tony Pollard
                                            
                                            
                                                ","TEN ","RB","79","102","106"
"91","Kyle Pitts Sr.
                                            
                                            
                                                ","ATL ","TE","104","98","86"
"92","Makai Lemon
                                            
                                            
                                                ","PHI ","WR","100","95","95"
"93","Marvin Harrison Jr.
                                            
                                            
                                                ","ARI ","WR","122","77","92"
"94","Jadarian Price
                                            
                                            
                                                ","SEA ","RB","98","91","105"
"95","Courtland Sutton
                                            
                                            
                                                ","DEN ","WR","84","111","101"
"96","Wan'Dale Robinson
                                            
                                            
                                                ","TEN ","WR","80","101","116"
"97","Rhamondre Stevenson
                                            
                                            
                                                ","NE ","RB","95","99","111"
"98","DK Metcalf
                                            
                                            
                                                ","PIT ","WR","114","96","96"
"99","Michael Pittman Jr.
                                            
                                            
                                                ","PIT ","WR","101","84","125"
"100","KC Concepcion
                                            
                                            
                                                ","CLE ","WR","90","103","123"
"101","Rico Dowdle
                                            
                                            
                                                ","PIT ","RB","105","92","121"
"102","Ricky Pearsall
                                            
                                            
                                                ","SF ","WR","112","108","104"
"103","J.K. Dobbins
                                            
                                            
                                                ","DEN ","RB","103","112","112"
"104","Jonathon Brooks
                                            
                                            
                                                ","CAR ","RB","111","105","113"
"105","Josh Downs
                                            
                                            
                                                ","IND ","WR","124","90","117"
"106","George Kittle
                                            
                                            
                                                ","SF ","TE","115","107","109"
"107","Chris Godwin Jr.
                                            
                                            
                                                ","TB ","WR","109","106","119"
"108","Brian Thomas Jr.
                                            
                                            
                                                ","JAC ","WR","117","115","103"
"109","Jakobi Meyers
                                            
                                            
                                                ","JAC ","WR","129","94","114"
"110","Travis Kelce
                                            
                                            
                                                ","KC ","TE","113","128","98"
"111","Isaiah Likely
                                            
                                            
                                                ","NYG ","TE","106","118","115"
"112","Rachaad White
                                            
                                            
                                                ","WAS ","RB","132","87","130"
"113","Chuba Hubbard
                                            
                                            
                                                ","CAR ","RB","119","110","120"
"114","Kenny Gainwell
                                            
                                            
                                                ","TB ","RB","92","123","137"
"115","RJ Harvey
                                            
                                            
                                                ","DEN ","RB","116","97","139"
"116","Blake Corum
                                            
                                            
                                                ","LAR ","RB","130","122","107"
"117","Jayden Higgins
                                            
                                            
                                                ","HOU ","WR","107","121","136"
"118","Michael Wilson
                                            
                                            
                                                ","ARI ","WR","123","117","124"
"119","Kyle Monangai
                                            
                                            
                                                ","CHI ","RB","134","124","108"
"120","Aaron Jones Sr.
                                            
                                            
                                                ","MIN ","RB","120","113","134"
"121","Jordan Addison
                                            
                                            
                                                ","MIN ","WR","133","125","110"
"122","Romeo Doubs
                                            
                                            
                                                ","NE ","WR","110","127","132"
"123","Dalton Kincaid
                                            
                                            
                                                ","BUF ","TE","142","109","128"
"124","Dallas Goedert
                                            
                                            
                                                ","PHI ","TE","125","119","141"
"125","Jayden Reed
                                            
                                            
                                                ","GB ","WR","135","116","135"
"126","Xavier Worthy
                                            
                                            
                                                ","KC ","WR","146","120","122"
"127","Jordan Mason
                                            
                                            
                                                ","MIN ","RB","131","130","142"
"128","Khalil Shakir
                                            
                                            
                                                ","BUF ","WR","137","129","138"
"129","Quentin Johnston
                                            
                                            
                                                ","LAC ","WR","147","138","126"
"130","Jacory Croskey-Merritt
                                            
                                            
                                                ","WAS ","RB","138","134","140"
"131","Matthew Golden
                                            
                                            
                                                ","GB ","WR","149","135","131"
"132","Denzel Boston
                                            
                                            
                                                ","CLE ","WR","128","142","149"
"133","Jake Ferguson
                                            
                                            
                                                ","DAL ","TE","126","165","129"
"134","Mark Andrews
                                            
                                            
                                                ","BAL ","TE","153","152","118"
"135","Omar Cooper Jr.
                                            
                                            
                                                ","NYJ ","WR","144","131","148"
"136","Sam Darnold
                                            
                                            
                                                ","SEA ","QB","60","-","59"
"137","Tyrone Tracy Jr.
                                            
                                            
                                                ","NYG ","RB","152","132","145"
"138","Jonah Coleman
                                            
                                            
                                                ","DEN ","RB","143","146","144"
"139","Daniel Jones
                                            
                                            
                                                ","IND ","QB","66","-","67"
"140","Keaton Mitchell
                                            
                                            
                                                ","LAC ","RB","141","141","164"
"141","Greg Dulcich
                                            
                                            
                                                ","MIA ","TE","136","133","181"
"142","Tyler Allgeier
                                            
                                            
                                                ","ARI ","RB","165","136","151"
"143","Jalen Coker
                                            
                                            
                                                ","CAR ","WR","170","137","150"
"144","Chig Okonkwo
                                            
                                            
                                                ","WAS ","TE","185","114","159"
"145","Dylan Sampson
                                            
                                            
                                                ","CLE ","RB","181","126","152"
"146","Geno Smith
                                            
                                            
                                                ","NYJ ","QB","70","-","82"
"147","Isiah Pacheco
                                            
                                            
                                                ","DET ","RB","166","143","153"
"148","Bryce Young
                                            
                                            
                                                ","CAR ","QB","83","-","70"
"149","Stefon Diggs
                                            
                                            
                                                ","FA ","WR","157","151","157"
"150","Tre' Harris
                                            
                                            
                                                ","LAC ","WR","140","148","180"
"151","Zach Charbonnet
                                            
                                            
                                                ","SEA ","RB","168","157","143"
"152","Juwan Johnson
                                            
                                            
                                                ","NO ","TE","164","172","133"
"153","Antonio Williams
                                            
                                            
                                                ","WAS ","WR","167","140","169"
"154","Emmett Johnson
                                            
                                            
                                                ","KC ","RB","159","167","154"
"155","Tank Bigsby
                                            
                                            
                                                ","PHI ","RB","154","145","184"
"156","Alvin Kamara
                                            
                                            
                                                ","NO ","RB","156","169","160"
"157","Brenton Strange
                                            
                                            
                                                ","JAC ","TE","197","144","146"
"158","Dalton Schultz
                                            
                                            
                                                ","HOU ","TE","148","177","163"
"159","Chris Rodriguez Jr.
                                            
                                            
                                                ","JAC ","RB","145","201","147"
"160","Jaylin Noel
                                            
                                            
                                                ","HOU ","WR","169","160","166"
"161","Brian Robinson Jr.
                                            
                                            
                                                ","ATL ","RB","163","163","171"
"162","Woody Marks
                                            
                                            
                                                ","HOU ","RB","155","188","156"
"163","Jacoby Brissett
                                            
                                            
                                                ","ARI ","QB","94","-","97"
"164","Rashid Shaheed
                                            
                                            
                                                ","SEA ","WR","183","149","172"
"165","Jauan Jennings
                                            
                                            
                                                ","MIN ","WR","160","171","173"
"166","Jerry Jeudy
                                            
                                            
                                                ","CLE ","WR","174","162","170"
"167","Jalen Nailor
                                            
                                            
                                                ","LV ","WR","158","192","158"
"168","Tyjae Spears
                                            
                                            
                                                ","TEN ","RB","186","147","178"
"169","Calvin Ridley
                                            
                                            
                                                ","TEN ","WR","151","179","187"
"170","Jalen McMillan
                                            
                                            
                                                ","TB ","WR","193","164","168"
"171","Aaron Rodgers
                                            
                                            
                                                ","PIT ","QB","118","-","99"
"172","Kaytron Allen
                                            
                                            
                                                ","WAS ","RB","194","173","161"
"173","Mike Washington Jr.
                                            
                                            
                                                ","LV ","RB","150","190","190"
"174","Emanuel Wilson
                                            
                                            
                                                ","SEA ","RB","220","156","155"
"175","Oronde Gadsden II
                                            
                                            
                                                ","LAC ","TE","161","197","186"
"176","Darnell Mooney
                                            
                                            
                                                ","NYG ","WR","191","166","189"
"177","Kenyon Sadiq
                                            
                                            
                                                ","NYJ ","TE","212","139","196"
"178","Kimani Vidal
                                            
                                            
                                                ","LAC ","RB","177","208","162"
"179","Hunter Henry
                                            
                                            
                                                ","NE ","TE","190","185","174"
"180","T.J. Hockenson
                                            
                                            
                                                ","MIN ","TE","175","182","192"
"181","Ray Davis
                                            
                                            
                                                ","BUF ","RB","224","150","176"
"182","Adonai Mitchell
                                            
                                            
                                                ","NYJ ","WR","201","170","179"
"183","Germie Bernard
                                            
                                            
                                                ","PIT ","WR","206","161","191"
"184","Dontayvion Wicks
                                            
                                            
                                                ","PHI ","WR","176","207","177"
"185","AJ Barner
                                            
                                            
                                                ","SEA ","TE","219","155","188"
"186","Tua Tagovailoa
                                            
                                            
                                                ","ATL ","QB","127","-","127"
"187","Braelon Allen
                                            
                                            
                                                ","NYJ ","RB","203","196","165"
"188","Jordan James
                                            
                                            
                                                ","SF ","RB","188","154","227"
"189","Chris Brazzell II
                                            
                                            
                                                ","CAR ","WR","171","195","211"
"190","Travis Hunter
                                            
                                            
                                                ","JAC ","WR","222","158","198"
"191","Kayshon Boutte
                                            
                                            
                                                ","NE ","WR","195","209","175"
"192","Fernando Mendoza
                                            
                                            
                                                ","LV ","QB","192","-","81"
"193","Chris Bell
                                            
                                            
                                                ","MIA ","WR","198","174","213"
"194","Nicholas Singleton
                                            
                                            
                                                ","TEN ","RB","255","153","182"
"195","MarShawn Lloyd
                                            
                                            
                                                ","GB ","RB","218","159","214"
"196","Isaac TeSlaa
                                            
                                            
                                                ","DET ","WR","226","181","185"
"197","James Conner
                                            
                                            
                                                ","ARI ","RB","162","235","197"
"198","Jaylen Wright
                                            
                                            
                                                ","MIA ","RB","172","226","199"
"199","Elijah Sarratt
                                            
                                            
                                                ","BAL ","WR","235","176","194"
"200","Sean Tucker
                                            
                                            
                                                ","TB ","RB","214","175","218"
"201","Demond Claiborne
                                            
                                            
                                                ","MIN ","RB","243","199","167"
"202","Gunnar Helm
                                            
                                            
                                                ","","TEN TE","209","194","207"
"203","Malachi Fields
                                            
                                            
                                                ","NYG ","WR","210","193","208"
"204","Cooper Kupp
                                            
                                            
                                                ","SEA ","WR","189","236","193"
"205","Brandon Aiyuk
                                            
                                            
                                                ","SF ","WR","182","186","258"
"206","Cade Otton
                                            
                                            
                                                ","TB ","TE","200","211","220"
"207","Zachariah Branch
                                            
                                            
                                                ","ATL ","WR","229","198","206"
"208","Ted Hurst III
                                            
                                            
                                                ","TB ","WR","244","178","219"
"209","DJ Giddens
                                            
                                            
                                                ","IND ","RB","211","204","228"
"210","De'Zhaun Stribling
                                            
                                            
                                                ","SF ","WR","215","183","246"
"211","Rashod Bateman
                                            
                                            
                                                ","BAL ","WR","207","191","247"
"212","Ollie Gordon II
                                            
                                            
                                                ","MIA ","RB","237","213","200"
"213","Troy Franklin
                                            
                                            
                                                ","DEN ","WR","204","230","221"
"214","Tre Tucker
                                            
                                            
                                                ","LV ","WR","264","168","224"
"215","Pat Bryant
                                            
                                            
                                                ","DEN ","WR","248","184","226"
"216","Shedeur Sanders
                                            
                                            
                                                ","CLE ","QB","87","-","268"
"217","Kaelon Black
                                            
                                            
                                                ","SF ","RB","205","239","222"
"218","Chris Brooks
                                            
                                            
                                                ","GB ","RB","277","180","212"
"219","Ryan Flournoy
                                            
                                            
                                                ","DAL ","WR","298","189","183"
"220","Skyler Bell
                                            
                                            
                                                ","BUF ","WR","213","254","203"
"221","Bryce Lance
                                            
                                            
                                                ","NO ","WR","179","241","256"
"222","Kevin Coleman Jr.
                                            
                                            
                                                ","MIA ","WR","187","222","267"
"223","David Njoku
                                            
                                            
                                                ","LAC ","TE","232","219","225"
"224","George Holani
                                            
                                            
                                                ","SEA ","RB","231","214","234"
"225","Samaje Perine
                                            
                                            
                                                ","CIN ","RB","249","202","231"
"226","Terrance Ferguson
                                            
                                            
                                                ","LAR ","TE","263","203","216"
"227","LeQuint Allen Jr.
                                            
                                            
                                                ","JAC ","RB","270","205","209"
"228","Eli Stowers
                                            
                                            
                                                ","PHI ","TE","246","228","210"
"229","Mike Gesicki
                                            
                                            
                                                ","CIN ","TE","233","216","235"
"230","Elic Ayomanor
                                            
                                            
                                                ","TEN ","WR","251","246","195"
"231","Justice Hill
                                            
                                            
                                                ","BAL ","RB","240","217","237"
"232","Evan Engram
                                            
                                            
                                                ","DEN ","TE","228","238","229"
"233","Chimere Dike
                                            
                                            
                                                ","TEN ","WR","247","212","238"
"234","Jaydon Blue
                                            
                                            
                                                ","DAL ","RB","253","231","217"
"235","Deebo Samuel Sr.
                                            
                                            
                                                ","FA ","WR","-","187","205"
"236","Marvin Mims Jr.
                                            
                                            
                                                ","DEN ","WR","254","218","232"
"237","Pat Freiermuth
                                            
                                            
                                                ","PIT ","TE","281","215","215"
"238","Christian Kirk
                                            
                                            
                                                ","SF ","WR","223","248","243"
"239","Malik Washington
                                            
                                            
                                                ","MIA ","WR","250","206","265"
"240","Keon Coleman
                                            
                                            
                                                ","BUF ","WR","271","200","251"
"241","Jack Bech
                                            
                                            
                                                ","LV ","WR","208","260","255"
"242","Colby Parkinson
                                            
                                            
                                                ","LAR ","TE","238","255","230"
"243","Kirk Cousins
                                            
                                            
                                                ","LV ","QB","139","-","284"
"244","Keenan Allen
                                            
                                            
                                                ","LAC ","WR","-","227","201"
"245","Seth McGowan
                                            
                                            
                                                ","IND ","RB","217","252","270"
"246","Emari Demercado
                                            
                                            
                                                ","KC ","RB","290","247","204"
"247","Konata Mumpfield
                                            
                                            
                                                ","LAR ","WR","260","242","241"
"248","Kyle Williams
                                            
                                            
                                                ","NE ","WR","275","233","236"
"249","Ty Johnson
                                            
                                            
                                                ","BUF ","RB","234","271","240"
"250","Jake Tonges
                                            
                                            
                                                ","SF ","TE","279","234","233"
"251","Isaiah Davis
                                            
                                            
                                                ","NYJ ","RB","286","264","202"
"252","Tyreek Hill
                                            
                                            
                                                ","FA ","WR","-","225","223"
"253","Theo Johnson
                                            
                                            
                                                ","NYG ","TE","256","245","259"
"254","Malik Davis
                                            
                                            
                                                ","DAL ","RB","221","279","261"
"255","Kaleb Johnson
                                            
                                            
                                                ","PIT ","RB","296","220","250"
"256","Mac Jones
                                            
                                            
                                                ","SF ","QB","173","-","287"
"257","J.J. McCarthy
                                            
                                            
                                                ","MIN ","QB","178","-","282"
"258","Darius Slayton
                                            
                                            
                                                ","NYG ","WR","199","262","343"
"259","Tank Dell
                                            
                                            
                                                ","HOU ","WR","-","224","244"
"260","Trey Benson
                                            
                                            
                                                ","ARI ","RB","289","237","257"
"261","Devin Neal
                                            
                                            
                                                ","NO ","RB","265","268","254"
"262","Mason Taylor
                                            
                                            
                                                ","NYJ ","TE","252","286","252"
"263","Justin Fields
                                            
                                            
                                                ","KC ","QB","184","-","297"
"264","Adam Randall
                                            
                                            
                                                ","BAL ","RB","282","256","253"
"265","Michael Mayer
                                            
                                            
                                                ","LV ","TE","273","277","242"
"266","Tory Horton
                                            
                                            
                                                ","SEA ","WR","269","285","239"
"267","Jerome Ford
                                            
                                            
                                                ","WAS ","RB","283","249","263"
"268","Marcus Mariota
                                            
                                            
                                                ","WAS ","QB","180","-","-"
"269","Joe Flacco
                                            
                                            
                                                ","CIN ","QB","196","-","296"
"270","Brashard Smith
                                            
                                            
                                                ","KC ","RB","-","223","276"
"271","Elijah Arroyo
                                            
                                            
                                                ","SEA ","TE","268","294","249"
"272","Deshaun Watson
                                            
                                            
                                                ","CLE ","QB","225","-","277"
"273","Eli Heidenreich
                                            
                                            
                                                ","PIT ","RB","-","259","245"
"274","Hollywood Brown
                                            
                                            
                                                ","PHI ","WR","227","280","307"
"275","Tyquan Thornton
                                            
                                            
                                                ","KC ","WR","288","266","260"
"276","Jarquez Hunter
                                            
                                            
                                                ","LAR ","RB","230","-","275"
"277","Ja'Kobi Lane
                                            
                                            
                                                ","BAL ","WR","242","269","304"
"278","Darnell Washington
                                            
                                            
                                                ","PIT ","TE","-","221","285"
"279","Najee Harris
                                            
                                            
                                                ","LAC ","RB","-","240","271"
"280","Andrei Iosivas
                                            
                                            
                                                ","CIN ","WR","272","244","305"
"281","Brenen Thompson
                                            
                                            
                                                ","LAC ","WR","241","270","311"
"282","Joshua Palmer
                                            
                                            
                                                ","BUF ","WR","202","-","336"
"283","Tyler Higbee
                                            
                                            
                                                ","LAR ","TE","236","305","281"
"284","Devin Singletary
                                            
                                            
                                                ","NYG ","RB","261","281","280"
"285","Kendre Miller
                                            
                                            
                                                ","NO ","RB","267","272","283"
"286","Devaughn Vele
                                            
                                            
                                                ","NO ","WR","284","229","328"
"287","Carson Beck
                                            
                                            
                                                ","ARI ","QB","216","-","298"
"288","Kendrick Bourne
                                            
                                            
                                                ","ARI ","WR","266","253","331"
"289","Cyrus Allen
                                            
                                            
                                                ","KC ","WR","-","210","-"
"290","Jaleel McLaughlin
                                            
                                            
                                                ","DEN ","RB","-","243","279"
"291","Will Shipley
                                            
                                            
                                                ","PHI ","RB","258","-","266"
"292","Xavier Legette
                                            
                                            
                                                ","CAR ","WR","278","-","248"
"293","Mack Hollins
                                            
                                            
                                                ","NE ","WR","276","251","327"
"294","Ja'Tavion Sanders
                                            
                                            
                                                ","CAR ","TE","-","263","269"
"295","Jalen Tolbert
                                            
                                            
                                                ","MIA ","WR","239","295","313"
"296","DeMario Douglas
                                            
                                            
                                                ","NE ","WR","304","232","-"
"297","Trevor Etienne
                                            
                                            
                                                ","CAR ","RB","285","275","286"
"298","CJ Daniels
                                            
                                            
                                                ","LAR ","WR","280","258","-"
"299","Tahj Brooks
                                            
                                            
                                                ","CIN ","RB","257","284","323"
"300","Cedric Tillman
                                            
                                            
                                                ","CLE ","WR","294","296","262"
"301","Eli Raridon
                                            
                                            
                                                ","NE ","TE","-","250","294"
"302","Ty Simpson
                                            
                                            
                                                ","LAR ","QB","245","-","-"
"303","Oscar Delp
                                            
                                            
                                                ","NO ","TE","-","261","299"
"304","Max Klare
                                            
                                            
                                                ","LAR ","TE","-","289","273"
"305","Jawhar Jordan
                                            
                                            
                                                ","HOU ","RB","274","-","288"
"306","Dawson Knox
                                            
                                            
                                                ","BUF ","TE","-","274","289"
"307","Cole Kmet
                                            
                                            
                                                ","CHI ","TE","-","300","264"
"308","Tutu Atwell
                                            
                                            
                                                ","MIA ","WR","-","257","308"
"309","Ben Sinnott
                                            
                                            
                                                ","WAS ","TE","295","309","272"
"310","Isaac Guerendo
                                            
                                            
                                                ","SF ","RB","293","-","274"
"311","Jahan Dotson
                                            
                                            
                                                ","ATL ","WR","259","-","326"
"312","Caleb Douglas
                                            
                                            
                                                ","MIA ","WR","262","-","312"
"313","Kareem Hunt
                                            
                                            
                                                ","FA ","RB","-","265","-"
"314","Bam Knight
                                            
                                            
                                                ","ARI ","RB","-","267","334"
"315","Noah Gray
                                            
                                            
                                                ","KC ","TE","292","307","291"
"316","Savion Williams
                                            
                                            
                                                ","GB ","WR","-","273","-"
"317","Isaiah Bond
                                            
                                            
                                                ","CLE ","WR","291","293","333"
"318","Jalen Royals
                                            
                                            
                                                ","KC ","WR","-","276","332"
"319","Tez Johnson
                                            
                                            
                                                ","TB ","WR","297","290","320"
"320","Michael Penix Jr.
                                            
                                            
                                                ","ATL ","QB","-","-","278"
"321","J'Mari Taylor
                                            
                                            
                                                ","JAC ","RB","-","278","321"
"322","Kalif Raymond
                                            
                                            
                                                ","CHI ","WR","303","287","-"
"323","Phil Mafah
                                            
                                            
                                                ","DAL ","RB","-","282","-"
"324","Jaylin Lane
                                            
                                            
                                                ","WAS ","WR","-","283","344"
"325","Justin Joly
                                            
                                            
                                                ","DEN ","TE","-","304","290"
"326","Luke Musgrave
                                            
                                            
                                                ","GB ","TE","-","301","293"
"327","Zavion Thomas
                                            
                                            
                                                ","CHI ","WR","287","-","-"
"328","Noah Fant
                                            
                                            
                                                ","NO ","TE","-","297","300"
"329","Luke McCaffrey
                                            
                                            
                                                ","WAS ","WR","-","288","330"
"330","Marlin Klein
                                            
                                            
                                                ","HOU ","TE","-","291","319"
"331","Anthony Richardson Sr.
                                            
                                            
                                                ","IND ","QB","-","-","292"
"332","Calvin Austin III
                                            
                                            
                                                ","NYG ","WR","-","292","340"
"333","Jameis Winston
                                            
                                            
                                                ","NYG ","QB","-","-","295"
"334","Tommy Tremble
                                            
                                            
                                                ","CAR ","TE","-","298","-"
"335","Olamide Zaccheaus
                                            
                                            
                                                ","ATL ","WR","299","-","-"
"336","Charlie Kolar
                                            
                                            
                                                ","LAC ","TE","-","299","-"
"337","Dont'e Thornton Jr.
                                            
                                            
                                                ","LV ","WR","300","-","329"
"338","Deion Burks
                                            
                                            
                                                ","IND ","WR","301","-","-"
"339","Mitchell Evans
                                            
                                            
                                                ","CAR ","TE","-","-","301"
"340","Elijah Higgins
                                            
                                            
                                                ","ARI ","TE","-","-","302"
"341","Xavier Hutchinson
                                            
                                            
                                                ","HOU ","WR","302","-","-"
"342","Nate Boerkircher
                                            
                                            
                                                ","JAC ","TE","-","302","-"
"343","Sam Roush
                                            
                                            
                                                ","CHI ","TE","-","306","306"
"344","Jared Wiley
                                            
                                            
                                                ","KC ","TE","-","303","-"
"345","Jam Miller
                                            
                                            
                                                ","NE ","RB","-","-","303"
"346","Darren Waller
                                            
                                            
                                                ","FA ","TE","-","308","-"
"347","Michael Trigg
                                            
                                            
                                                ","DAL ","TE","-","-","309"
"348","Damien Martinez
                                            
                                            
                                                ","GB ","RB","-","-","310"
"349","Jack Endries
                                            
                                            
                                                ","CIN ","TE","-","-","314"
"350","John Bates
                                            
                                            
                                                ","WAS ","TE","-","-","315"
"351","Daniel Bellinger
                                            
                                            
                                                ","","TEN TE","-","-","316"
"352","Thomas Fidone II
                                            
                                            
                                                ","NYG ","TE","-","-","317"
"353","Tanner Koziol
                                            
                                            
                                                ","JAC ","TE","-","-","318"
"354","Audric Estime
                                            
                                            
                                                ","NO ","RB","-","-","322"
"355","Michael Carter
                                            
                                            
                                                ","TEN ","RB","-","-","324"
"356","Raheim Sanders
                                            
                                            
                                                ","CLE ","RB","-","-","325"
"357","Roman Hemby
                                            
                                            
                                                ","LV ","RB","-","-","335"
"358","Malik Benson
                                            
                                            
                                                ","LV ","WR","-","-","337"
"359","Jaydn Ott
                                            
                                            
                                                ","KC ","RB","-","-","338"
"360","Robert Henry Jr.
                                            
                                            
                                                ","WAS ","RB","-","-","339"
"361","Dameon Pierce
                                            
                                            
                                                ","PHI ","RB","-","-","341"
"362","Tyler Badie
                                            
                                            
                                                ","DEN ","RB","-","-","342"
""
""